grade,software
Lower Elementary,Flip
Lower Elementary,Google Arts and Culture
Lower Elementary,Pencil Code
Lower Elementary,AI Experiments with Google
Lower Elementary,Google Maps
Lower Elementary,Machine Learning for Kids
Lower Elementary,Brush Ninja
Lower Elementary,Infinite Drum Machine
Lower Elementary,Google AutoDraw
Lower Elementary,Jamboard
Upper Elementary,Pencil Code
Upper Elementary,Mathigon
Upper Elementary,Animaker
Upper Elementary,Scratch
Upper Elementary,Canva
Upper Elementary,PictoBlox
Upper Elementary,Food Chain Simulator
Upper Elementary,Roller Coaster Tycoon 2
Upper Elementary,Machine Learning for Kids
Upper Elementary,MegaMinds
Upper Elementary,Infinite Drum Machine
Upper Elementary,Genially
Upper Elementary,Brush Ninja
Upper Elementary,CoSpaces
Upper Elementary,Thinglink
Upper Elementary,Tinkercad Circuits
Upper Elementary,Google Maps
Upper Elementary,Google Sheets
Upper Elementary,AI Experiments with Google
Middle School,StoryMap JS
Middle School,Infinite Drum Machine
Middle School,ChatGPT
Middle School,Piktochart
Middle School,Adobe Express
Middle School,TinkerCAD
Middle School,ChatterOn
Middle School,Google Sheets
Middle School,xem
Middle School,Tinkercad Circuits
Middle School,AI Dungeon
Middle School,Assemblr Edu
Middle School,MIT App Inventor
Middle School,Python
Middle School,Fusion 360
Middle School,Blender
High School,Python
High School,Fusion 360
High School,QGIS
High School,Google Sheets
High School,SimCity
High School,Ansys Virtual
High School,Arduino
High School,Autodesk CFD 2021
High School,Unity
High School,Ansys 3D